plate,latency_ms
ABC0001,10.182
ABC0002,10.303
ABC0003,10.263
ABC0004,10.272
ABC0005,10.393
ABC0006,10.429
ABC0007,10.475
ABC0008,10.500
ABC0009,10.543
ABC0010,10.537
ABC0011,10.554
ABC0012,10.507
ABC0013,10.411
ABC0014,10.427
ABC0015,10.487
ABC0016,10.566
ABC0017,10.396
ABC0018,10.306
ABC0019,10.343
ABC0020,10.384
ABC0021,10.292
ABC0022,10.282
ABC0023,10.658
ABC0024,10.580
ABC0025,10.550
ABC0026,10.646
ABC0027,10.724
ABC0028,10.837
ABC0029,10.727
ABC0030,10.719
ABC0031,10.694
ABC0032,10.771
ABC0033,10.765
ABC0034,10.999
ABC0035,11.073
ABC0036,11.107
ABC0037,11.423
ABC0038,11.215
ABC0039,11.083
ABC0040,10.963
ABC0041,10.943
ABC0042,11.135
ABC0043,11.148
ABC0044,11.051
ABC0045,10.994
ABC0046,11.015
ABC0047,10.992
ABC0048,11.097
ABC0049,11.150
ABC0050,11.226
ABC0051,11.258
ABC0052,11.287
ABC0053,11.390
ABC0054,11.488
ABC0055,11.573
ABC0056,11.462
ABC0057,11.412
ABC0058,11.452
ABC0059,11.352
ABC0060,11.231
ABC0061,11.423
ABC0062,11.222
ABC0063,11.162
ABC0064,11.146
ABC0065,11.138
ABC0066,11.100
ABC0067,11.024
ABC0068,11.094
ABC0069,10.953
ABC0070,10.731
ABC0071,10.741
ABC0072,10.758
ABC0073,10.775
ABC0074,10.852
ABC0075,10.751
ABC0076,10.754
ABC0077,10.765
ABC0078,10.711
ABC0079,10.739
ABC0080,10.737
ABC0081,10.846
ABC0082,10.687
ABC0083,10.480
ABC0084,10.476
ABC0085,10.432
ABC0086,10.465
ABC0087,10.537
ABC0088,10.547
ABC0089,10.587
ABC0090,10.736
ABC0091,10.775
ABC0092,11.004
ABC0093,11.097
ABC0094,11.295
ABC0095,11.260
ABC0096,11.134
ABC0097,11.355
ABC0098,11.228
ABC0099,11.174
ABC0100,11.120
ABC0101,11.256
ABC0102,11.276
ABC0103,11.289
ABC0104,11.331
ABC0105,11.399
ABC0106,11.322
ABC0107,11.268
ABC0108,11.435
ABC0109,11.444
ABC0110,11.333
ABC0111,11.462
ABC0112,11.404
ABC0113,11.218
ABC0114,11.371
ABC0115,11.512
ABC0116,11.667
ABC0117,11.719
ABC0118,11.821
ABC0119,12.003
ABC0120,11.982
ABC0121,11.936
ABC0122,12.036
ABC0123,12.067
ABC0124,12.111
ABC0125,12.091
ABC0126,12.053
ABC0127,12.038
ABC0128,11.991
ABC0129,11.976
ABC0130,12.089
ABC0131,12.197
ABC0132,12.246
ABC0133,12.192
ABC0134,12.169
ABC0135,12.218
ABC0136,12.327
ABC0137,12.369
ABC0138,12.377
ABC0139,12.555
ABC0140,12.482
ABC0141,12.492
ABC0142,12.607
ABC0143,12.669
ABC0144,12.700
ABC0145,12.877
ABC0146,12.988
ABC0147,12.943
ABC0148,13.010
ABC0149,13.261
ABC0150,13.284
ABC0151,13.296
ABC0152,13.307
ABC0153,13.320
ABC0154,13.408
ABC0155,13.452
ABC0156,13.487
ABC0157,13.542
ABC0158,13.521
ABC0159,13.518
ABC0160,13.585
ABC0161,13.563
ABC0162,13.520
ABC0163,13.510
ABC0164,13.660
ABC0165,13.715
ABC0166,13.801
ABC0167,13.940
ABC0168,14.079
ABC0169,14.284
ABC0170,14.280
ABC0171,14.350
ABC0172,14.474
ABC0173,14.575
ABC0174,14.536
ABC0175,14.470
ABC0176,14.493
ABC0177,14.564
ABC0178,14.818
ABC0179,15.040
ABC0180,15.162
ABC0181,15.219
ABC0182,15.279
ABC0183,15.303
ABC0184,15.569
ABC0185,15.874
ABC0186,15.928
ABC0187,16.059
ABC0188,16.194
ABC0189,16.216
ABC0190,16.269
ABC0191,16.350
ABC0192,16.472
ABC0193,16.620
ABC0194,16.658
ABC0195,16.655
ABC0196,16.672
ABC0197,16.731
ABC0198,16.730
ABC0199,16.958
ABC0200,17.058
ABC0201,17.017
ABC0202,17.104
ABC0203,17.084
ABC0204,17.109
ABC0205,17.323
ABC0206,17.434
ABC0207,17.632
ABC0208,17.656
ABC0209,17.710
ABC0210,17.766
ABC0211,17.779
ABC0212,17.716
ABC0213,17.674
ABC0214,17.805
ABC0215,17.925
ABC0216,17.953
ABC0217,18.092
ABC0218,18.370
ABC0219,18.560
ABC0220,18.922
ABC0221,19.119
ABC0222,19.205
ABC0223,19.302
ABC0224,19.348
ABC0225,19.401
ABC0226,19.547
ABC0227,19.562
ABC0228,19.564
ABC0229,19.630
ABC0230,19.778
ABC0231,20.112
ABC0232,20.452
ABC0233,20.567
ABC0234,20.710
ABC0235,21.047
ABC0236,21.128
ABC0237,20.892
ABC0238,20.765
ABC0239,20.978
ABC0240,21.074
ABC0241,21.046
ABC0242,20.997
ABC0243,21.161
ABC0244,21.473
ABC0245,21.357
ABC0246,21.486
ABC0247,21.624
ABC0248,21.725
ABC0249,21.641
ABC0250,21.562
ABC0251,21.691
ABC0252,22.295
ABC0253,22.527
ABC0254,22.527
ABC0255,22.766
ABC0256,22.709
ABC0257,22.787
ABC0258,22.958
ABC0259,22.967
ABC0260,22.800
ABC0261,22.850
ABC0262,22.982
ABC0263,23.130
ABC0264,23.359
ABC0265,23.574
ABC0266,23.671
ABC0267,23.923
ABC0268,24.134
ABC0269,24.394
ABC0270,24.556
ABC0271,24.614
ABC0272,24.711
ABC0273,24.986
ABC0274,25.072
ABC0275,25.114
ABC0276,25.238
ABC0277,25.599
ABC0278,25.738
ABC0279,25.826
ABC0280,25.803
ABC0281,25.844
ABC0282,25.928
ABC0283,26.107
ABC0284,26.137
ABC0285,26.341
ABC0286,26.359
ABC0287,26.402
ABC0288,26.442
ABC0289,26.528
ABC0290,26.558
ABC0291,26.645
ABC0292,26.649
ABC0293,26.629
ABC0294,26.617
ABC0295,26.910
ABC0296,26.979
ABC0297,27.090
ABC0298,27.193
ABC0299,27.360
ABC0300,27.552
ABC0301,27.689
ABC0302,27.670
ABC0303,27.697
ABC0304,27.713
ABC0305,28.081
ABC0306,28.397
ABC0307,28.463
ABC0308,28.387
ABC0309,28.574
ABC0310,28.678
ABC0311,28.757
ABC0312,28.754
ABC0313,29.051
ABC0314,29.166
ABC0315,29.164
ABC0316,29.394
ABC0317,29.584
ABC0318,29.678
ABC0319,29.796
ABC0320,29.804
ABC0321,30.135
ABC0322,30.193
ABC0323,30.315
ABC0324,30.723
ABC0325,30.766
ABC0326,30.828
ABC0327,31.072
ABC0328,31.026
ABC0329,31.013
ABC0330,30.934
ABC0331,31.231
ABC0332,31.434
ABC0333,31.444
ABC0334,31.491
ABC0335,31.528
ABC0336,31.577
ABC0337,31.533
ABC0338,31.367
ABC0339,31.431
ABC0340,31.699
ABC0341,31.634
ABC0342,31.636
ABC0343,31.728
ABC0344,31.746
ABC0345,31.922
ABC0346,31.816
ABC0347,31.787
ABC0348,31.947
ABC0349,31.825
ABC0350,32.027
ABC0351,32.174
ABC0352,32.103
ABC0353,32.095
ABC0354,32.290
ABC0355,32.573
ABC0356,32.429
ABC0357,32.443
ABC0358,32.549
ABC0359,32.525
ABC0360,32.588
ABC0361,32.551
ABC0362,32.507
ABC0363,32.545
ABC0364,32.537
ABC0365,32.421
ABC0366,32.489
ABC0367,32.352
ABC0368,32.310
ABC0369,32.297
ABC0370,32.334
ABC0371,32.361
ABC0372,32.238
ABC0373,32.315
ABC0374,32.446
ABC0375,32.346
ABC0376,32.168
